1|Angle|Crane Pick|Force|Life|Load
2|Equilibrium|Pressure|Shoring|Soil
3|Collision|Deformation|Rebound|Velocity|Restitution
4|Absolute Velocity|General Planar Motion
5|General Planar Motion|Non-Rotational|Rigid|Rotational|Translational
6|General Planar Motion|Rotational|Translation
7|Angular Acceleration|General Planar Motion|Rotational|Translational
8|General Planar Motion|Rotational|Translational
9|Acceleration|Protectile Motion|Velocity
10|Coordinate|Displacement|Position|Total Distance Traveled
11|Acceleration|Engine Cycle|Relative Motion|Velocity
12|Instantaneous Center of Zero Velocity (ICZV)| No-slip|Rolling
13|Axis of Rotation|Cylinder|Mass|Moment of Inertia|Rotating Body|Translation
14|Fixed Axis|Kinematics|Rigid Body|Rotation
15|Density|Mass|Resistance|Viscosity|Volume
16|Bernoulli Equation|Energy Equation|Head|Inviscid|Pipe Flow
17|Fluid Pressure|Submerged Plane
18|Conversvation of Mass|Flow Regimes|Moody Chart|Volumetric Flow Rate
19|Flow Visualization|Laminar|Turbulent|Separation
20|Continuous Substance|Fluid|Shear Stress|Volume
21| Conservation of Energy|Fourier's Law|Phase Change|Thermal Conductivity
22|Concentration|Energy|Heat Flux|Radiant|Reflection
23|Annealing|Bending|Brittle|Fracture|Strength
24|Deformation|Martensite|Nitinol|Superelastic|Undeformed
25|Deformation|Primary Creep|Rupture|Strain|Stress
26|Axial|Deformation|Strain|Stress
27|Beam|Bending|Compression|Tensions|Torsion
28|Axial Load|Factor of Safety|Stress
29|Axial|Deformation|Elastic|Plastic|Strain
30|Buckling|Compression|Cross-Section|Tension|Torsion
31|Discontinuity|Point Load|Stress Concentrations
32|Rectangular Members|Shear
33|Axial|Shear|Strain|Stress|Transverse Plane
34|Shear|Stress|Strain|Transformation
35|Contraction|Expansion|Strain|Stress|Thermal
36|Hoop Stress|Pressure|Thin Wall Pressure Vessel (TWPV)
37|Hoop Stress|Pressure|Thin Wall Pressure Vessel (TWPV)
38|Cylindrical|Hoop|Longitudinal|Stress|TWPV
39|Shear|Stress|Torsion
40|Cable|Equilibrium|Point Load|Pulley|Two-Force Member
41|Coulomb Friction|Slipping|Tipping
42|Force Vector|Inclination|Shear
43|Force|Frame|Reaction
44|Friction|Pulling|Resisting
45|Building Code|Distributed Load|Factor of Safety|Load Transfer|Loading
46|Mechanical Advantage|Pulley
47|Mechanical Advantage|Moment|Torque
48|Free Vector|Moment|Varignon's Theorem
49|Couple|Mechanical Advantage|Moment
50|3-D|Equilibrium|Force|Magnitude|Moment
51|Force|Line of Action|Moment
52|Stiffness|Strength|Truss
53|Truss
54|Axial|Compression|Tension
55|Stability|Strength|Truss
56|Stability|Strength|Truss
57|Cable|Equilibrium|Point Load|Suspension Bridge
58|Force|Pin|Truss|Zero Force Member
59|Clausius Statement|Entropy|Order
60|Conservation of Energy|Kelvin-Planck Statement
61|Boiling Point|Ideal Gas Law|Pressure|Temperature|Volume
62|Boiling|Pressure|Temperature
63|Conservation of Energy|Conservation of Mass
64|Conservation of Mass|Incompressible Fluid|Velocity
65|Archimedes Principle|Buoyancy|Density
66|Compression|Otto Cycle
67|Adiabatic|ASHRAE|Wet Bulb
68|Energy Transfer|Work
69|Internal Energy|Kinetic Energy|Potential Energy|Total Energy
70|Thermodynamics|Rankine Cycle|Steam|Vapor Power Cycle