Crane Rigging Angles|Construction|http://localhost:8081/project/const-a
Excavation and Earthwork Pressure|Construction|http://localhost:8081/project/const-b
When Worlds Collide|Dynamics|http://localhost:8081/project/dyn-a
Armor Attack|Dynamics|http://localhost:8081/project/dyn-b
The Helicopters|Dynamics|http://localhost:8081/project/dyn-c
The Oil Rig|Dynamics|http://localhost:8081/project/dyn-d
The Slider|Dynamics|http://localhost:8081/project/dyn-e
The Tank|Dynamics|http://localhost:8081/project/dyn-f
Protectile Motion|Dynamics|http://localhost:8081/project/dyn-g
Rectilinear Motion|Dynamics|http://localhost:8081/project/dyn-h
Choo Choo Train|Dynamics|http://localhost:8081/project/dyn-i
No Slip Wheel|Dynamics|http://localhost:8081/project/dyn-j
A Day at the Races|Dynamics|http://localhost:8081/project/dyn-k
The Ferris Wheel|Dynamics|http://localhost:8081/project/dyn-l
Fluid Properties|Fluids|http://localhost:8081/project/flu-a
Head Loss|Fluids|http://localhost:8081/project/flu-b
Hydrostatics|Fluids|http://localhost:8081/project/flu-c
Internal Flow and Losses|Fluids|http://localhost:8081/project/flu-d
Smoke Tunnel|Fluids|http://localhost:8081/project/flu-e
The Fish Tank|Fluids|http://localhost:8081/project/flu-f
Ice Melting Blocks|Heat Transfer|http://localhost:8081/project/heat-a
Parabolic Concentrator|Heat Transfer|http://localhost:8081/project/heat-b
Bending a Knife Blade|Material Science|http://localhost:8081/project/matsci-a
Shape Memory Alloys|Material Science|http://localhost:8081/project/matsci-b
Creepy Plastic|Material Science|http://localhost:8081/project/matsci-c
Axial Strain #1|Mechanics|http://localhost:8081/project/mech-a
Foam Beam|Mechanics|http://localhost:8081/project/mech-b
Design of Axial Members|Mechanics|http://localhost:8081/project/mech-c
Elastic VS Plastic Deformation|Mechanics|http://localhost:8081/project/mech-d
Rubber Shapes|Mechanics|http://localhost:8081/project/mech-e
Paper Stress Concentrations|Mechanics|http://localhost:8081/project/mech-f
Shear Demonstrator|Mechanics|http://localhost:8081/project/mech-g
A Strainge Transformation|Mechanics|http://localhost:8081/project/mech-h
The Big Book of Shear|Mechanics|http://localhost:8081/project/mech-i
Thermal Expansion|Mechanics|http://localhost:8081/project/mech-j
Thin Wall Pressure Vessels - Balloons!|Mechanics|http://localhost:8081/project/mech-k
Thin Wall Pressure Vessels - Hot Dogs!|Mechanics|http://localhost:8081/project/mech-l
Thin Wall Pressure Vessels|Mechanics|http://localhost:8081/project/mech-m
Tower of Torque|Mechanics|http://localhost:8081/project/mech-n
The Ski Gondola-Concentrated Cable Loads|Statics|http://localhost:8081/project/stat-a
Fun with Friction|Statics|http://localhost:8081/project/stat-b
Amazing Weight Loss Program|Statics|http://localhost:8081/project/stat-c
Frame Demos|Statics|http://localhost:8081/project/stat-d
Belt Friction|Statics|http://localhost:8081/project/stat-e
Distributed Student Loading|Statics|http://localhost:8081/project/stat-f
Pulleys: The Equilibriator Challege!|Statics|http://localhost:8081/project/stat-g
The Torque Tester|Statics|http://localhost:8081/project/stat-h
Lug Wrench Vs. Breaker Bar|Statics|http://localhost:8081/project/stat-i
Moments and Couples|Statics|http://localhost:8081/project/stat-j
The Persuader|Statics|http://localhost:8081/project/stat-k
Varignon's I-Beam|Statics|http://localhost:8081/project/stat-l
K-NEX Trusses|Statics|http://localhost:8081/project/stat-m
Ruler Truss|Statics|http://localhost:8081/project/stat-n
Wacky Fun Noodle|Statics|http://localhost:8081/project/stat-o
Wooden Truss 2D|Statics|http://localhost:8081/project/stat-p
Wooden Truss 3D|Statics|http://localhost:8081/project/stat-q
Uniformly Loaded Cables|Statics|http://localhost:8081/project/stat-r
Zero Force Members|Statics|http://localhost:8081/project/stat-s
Direction of the 2nd Law|Thermodynamics|http://localhost:8081/project/therm-a
Losses and the 2nd Law|Thermodynamics|http://localhost:8081/project/therm-b
The Hand Boiler|Thermodynamics|http://localhost:8081/project/therm-c
Boiling Properties|Thermodynamics|http://localhost:8081/project/therm-d
Closed VS Open Systems|Thermodynamics|http://localhost:8081/project/therm-e
Molasses Madness|Thermodynamics|http://localhost:8081/project/therm-f
The Lava Lamp-Density and Buoyancy|Thermodynamics|http://localhost:8081/project/therm-g
Engine Knock|Thermodynamics|http://localhost:8081/project/therm-h
Psychrometry|Thermodynamics|http://localhost:8081/project/therm-i
Total Energy-Fan Box|Thermodynamics|http://localhost:8081/project/therm-j
Total Energy|Thermodynamics|http://localhost:8081/project/therm-k
The Little Engine That Could - The Vapor Power Cycle|Thermodynamics|http://localhost:8081/project/therm-l